id,name,gender
05668c43-44a7-4666-b7d4-f2ff169a67b9,Lars,boy
6e4d208c-3154-4050-8988-ee9269b2f4f1,Anders,boy
c8079b8a-eab9-4466-a6fe-829130242156,Johan,boy
cc8475d4-366a-49b7-9952-6b08e818b979,Peter,boy
e6ce0703-1a50-4b92-ba02-d43a4bb8658a,Jan,boy
2d246f3e-a7cd-4725-8963-7cd91cbb1f16,Daniel,boy
8594725c-fd29-442f-ad19-93bb3a805942,Mikael,boy
ee356321-afd0-4971-b171-8fe3b490e97f,Erik,boy
71f709dd-3b1e-43f9-8180-9315ba69be5a,Per,boy
dc02c2f4-f443-494e-bf5a-df9ce228bd08,Fredrik,boy
c0ed0aab-5eae-47ef-80d9-2768202bbaab,Hans,boy
0e70ac11-33ba-4789-8b52-6c10f331f9d2,Andreas,boy
2c2a93a2-4ab1-4cbf-b8d9-39536b4541a9,Stefan,boy
1a35d691-1575-4414-9b1c-d68d8e1a05fe,Magnus,boy
2d89a607-daee-4aec-88b3-7f0d7edb3a62,Mats,boy
4d2b149b-c513-4d35-a5f4-a5f537e3e1ca,Jonas,boy
6311d4a1-0704-478a-b118-e2976aec4c1e,Bengt,boy
8ec8dcc5-4791-4f24-987c-dd11f6fd0c19,Alexander,boy
a423a2f0-2714-453d-86e6-5534d8ece6b7,Martin,boy
7ae76067-868d-4006-83c5-65400498c0ec,Thomas,boy
74daf8f4-0838-4bf5-a124-b32883e91ad2,Bo,boy
d618ef26-f44f-4195-9852-0e5149ca272e,Karl,boy
70a786ca-1c18-485d-8bd7-768f33cfe584,Nils,boy
c095e0fd-1052-41a7-b593-5cae32a134f2,Björn,boy
413afe23-6c11-4342-8998-7a44bc03e5e4,Leif,boy
c8a27bd7-26ae-406e-b3f3-5212dd1c4491,David,boy
faa206b0-b1f0-4048-bed7-28bd466feb8c,Emil,boy
e18a57e5-af86-4d1b-aa0e-7587098995c1,Ulf,boy
9868b712-d105-4d8d-ae0d-9c41a617d9d7,Sven,boy
3cee10e9-a4d5-4822-9b19-175d6f316174,Simon,boy
b6efa748-1c9f-4a66-893f-0e3d8f84741d,Henrik,boy
0aab3ec4-aad2-4f59-b7e8-0ee65dea66c0,Mattias,boy
2f673870-8c81-40d9-b990-3437a0e997da,Marcus,boy
2ceaf362-dc4b-4ade-915e-9af25980165b,Anton,boy
936054fe-5ace-4344-aff7-f7f58623e8b8,Patrik,boy
31df0a0c-e4d6-4624-ae65-8086d8ab2de7,Robert,boy
1a760ba6-5fd9-47a1-afd8-8f02a46fa90a,William,boy
ec8370a4-ab16-41c4-9e8d-77dde05c5ceb,Kjell,boy
e2c451e2-475b-435e-afcf-b09e20b669f9,Joakim,boy
c95947c0-9856-4ffa-a801-174b2121a893,Håkan,boy
3127c475-cc40-4a16-a7f9-7facef339f78,Tommy,boy
7aa55ffb-2b3d-422d-a895-83b6d305369b,Göran,boy
71d2879e-c529-4166-938f-f85c705e20c0,Christer,boy
ab6bb3eb-ecff-4548-b7c5-677b8315e0cc,Adam,boy
9fa599cc-3faf-48df-8306-fe157de73131,Carl,boy
e4dc5566-2266-45bf-b7ea-22c0c0fc988a,Rolf,boy
39d70dbd-2e30-435a-b682-d2e847517bf9,Lennart,boy
60da757a-4e6b-4d52-abe5-7dd3ed3ae550,Robin,boy
455124ef-c6e7-4799-92aa-7bc4db013b7b,Niklas,boy
03468238-880a-4fc1-8dd7-c1e30594bb51,Oscar,boy
c3e5af7f-795b-4db5-9b88-313cd2b89954,Sebastian,boy
ef6a94e6-19cd-4b6c-8f77-5d8000198970,Elias,boy
c2b3dc0e-83a2-4a6a-8838-7c262deb7c47,Tobias,boy
4a84ae66-0a0e-40b5-b2d8-215cec34d3ff,John,boy
7cd1e056-82a3-4af7-ae82-c8e4d0276b4f,Tomas,boy
a207ba24-799e-43cf-9870-8ce29484fe9b,Gustav,boy
4357a8de-4180-4294-bd90-9a3102a13309,Stig,boy
11e68089-87ed-4081-817e-59ff9e899dac,Michael,boy
f4560098-995c-4c0b-979a-f0a3e8ed3f71,Filip,boy
b95d6259-1b69-4137-870d-661cc17bd306,Axel,boy
86f3c923-4849-42cb-81fe-d360258e0924,Linus,boy
ffe72440-a103-46f7-b438-242e0a4e3e0d,Christian,boy
ac21c6da-909b-448a-9cc5-f3640972dc15,Viktor,boy
cec38dcb-a3f0-4355-aea9-8b346742a0bd,Hugo,boy
401b86fc-35c0-43da-aa86-138a49fabc7d,Roger,boy
a74dfdef-4afb-4130-bc81-c5f5bdf85581,Oskar,boy
10c65fd1-9aa5-4209-b7cf-b8b26dcf30fe,Jonathan,boy
797cbf29-8c10-4f6b-9a4a-57f50d36bb5f,Jesper,boy
a4e2a8b5-809a-4e71-8d27-10537d67e540,Oliver,boy
6d784920-bc19-4481-b339-92e29e6d3c7f,Albin,boy
dccb76a0-b984-429f-acfe-64d4ff861e2c,Kent,boy
a1d2adcc-9046-4583-9c31-88cff56b42f9,Rasmus,boy
9df07b2d-0777-4e95-b7fa-530b4cdc27fa,Ali,boy
aa73cd6a-45d9-45f2-9484-35d6fe530629,Max,boy
40a4541d-809f-411a-805c-be2f732da81d,Jörgen,boy
39590e1f-fbc5-460c-be55-6a63474e4bc8,Joel,boy
01cfb8b9-7714-48e0-89d4-983ffe43a11f,Gunnar,boy
5de5177b-dbf7-4bb1-a10c-8aba065e2ca4,Victor,boy
2c8345aa-deed-46ab-9891-9ea5db394020,Olle,boy
dcadfec0-507c-446e-b348-f8da0a2b0e5f,Liam,boy
5cb34542-8b73-46ad-97e4-231daa4b4fd4,Lucas,boy
377cc1cd-8f30-439f-8ba9-df64d36227fa,Leo,boy
0d2f89c0-f7ba-4950-821d-506eaee44b92,Jimmy,boy
24c203bb-f145-45aa-ad5f-d72ba78c9ac1,Åke,boy
07c8add4-c6d6-4cb8-bbce-324e93481170,Pontus,boy
548086e5-0da9-4779-bca8-d6f8e24e66f6,Markus,boy
1f43d3bd-5d91-4940-9b0f-6d0fc1f4bbce,Mohammad,boy
60560459-5750-4e8a-9adb-8f2e19521e59,Kenneth,boy
5c3d8748-c547-49f2-bc1f-6dcb946e0c15,Samuel,boy
5bc3294a-29c6-43e9-a06a-8d95a5b4fc28,Kevin,boy
c68a2df8-679b-45e6-ae3f-1cb21438c252,Dennis,boy
8da6e6d4-ba3a-45f2-aee7-8a9d921c19ba,Christoffer,boy
3260f758-29b5-463c-a91d-6e48c745c2e6,Gabriel,boy
ed3793bf-efeb-468a-b431-427e618f42e6,Arvid,boy
80283bac-0ef3-4766-9ba6-b9f1eca08fe9,Felix,boy
b3b6c0e3-5a8a-4db8-9818-86b0c68ac265,Isak,boy
f23e75fe-f86e-489a-8880-82a2910da109,Philip,boy
41bd6bef-556e-499d-8713-ca38beb076b3,Lukas,boy
5344bde4-b938-43a0-a310-dbeeebc7e3f1,Dan,boy
bafdbe3c-21a8-449c-8aa4-a57ca0c2defe,Hampus,boy
064fd169-ebf6-4846-8788-8b1910884591,Rickard,boy
7ced64d9-5b1f-401c-9f07-e81d42c8b8f6,Torbjörn,boy
8a43b55b-9b49-4c3e-9985-ceaa2959da8f,Ludvig,boy
753d8db5-dcbd-436a-b96e-355acbb0b65c,Olof,boy
560ea445-01b2-4381-ae74-36cddbbad166,Jacob,boy
a9130b45-3d22-4aa6-a38e-5f21e425748c,Jens,boy
01941c6c-80c3-4bce-92b1-08f804da58a2,Benjamin,boy
1238ce5c-c8ed-4e2f-b5da-fc25ffb9f9d1,Kurt,boy
4c98d15b-e0ce-4052-8343-18e8269251ff,Arne,boy
69ad6cbb-284f-4de8-88c0-29e5d20407a4,Jakob,boy
0e0dd40f-e444-40f7-a486-628c0551c3de,Bertil,boy
c3050840-cd13-4b08-bf33-7b02a4ab77f0,Johannes,boy
01511e94-ddf0-4fd1-afc2-ea54d8dc118d,Mohamed,boy
cc66cab1-d3b8-48d6-8f20-36deba109518,Roland,boy
983ed4d0-2419-49a7-85a8-7f86f5fdd2c3,Adrian,boy
67a9d37c-6fb5-499d-926b-e09b8eeea517,Noah,boy
779af6ea-fb7c-4c59-833c-d5655e39a566,Mathias,boy
246802f2-45f3-411a-9a3a-ed56ec460bd1,Niclas,boy
ad8b960a-7e88-4730-8dff-b394bff8a1b0,Alfred,boy
7106a62b-e3ad-4ae0-91f5-b74a584995c0,Vincent,boy
529c36ab-1e37-4775-a909-f387d767b90d,Tony,boy
7f748157-e2d3-4297-b9a3-410282d4937c,Ahmad,boy
d4c8b3c4-3c28-4d0a-ab87-10b1626e7942,Ola,boy
7284aa86-7fc4-4d7b-936e-3017b0d883d3,Charlie,boy
90cdbbf4-d63f-4c03-8b58-bb883ce4efdd,Eric,boy
a5135a98-4546-46aa-83ae-fa6e9ec5aba0,Claes,boy
aae62582-d190-4086-8106-e8d42eb1b7e3,Edvin,boy
4050005a-4234-497b-a5b8-3f0eb95ed9ea,Richard,boy
d5adaa5a-442b-42a2-8487-e813a72b6027,Sten,boy
ba1cadbf-72ec-4c95-a607-b272a88abdba,Ahmed,boy
48ca56a2-f778-48b2-9968-a94803c4837d,Mohammed,boy
050fc664-6c52-4429-882c-8657fa52ded9,Alf,boy
2afeccd6-6aed-4aac-8f0e-16825ef86bb4,Tim,boy
4aecbd3e-8e39-44df-a011-486e90186e68,Theo,boy
418246e5-b2de-4964-ba76-14775c75f2e3,Kim,boy
cc339456-63fa-46c6-a6b5-2685e7c81bd8,Conny,boy
337e4dc5-05b8-433f-a48e-c91a4dbed6a8,Elliot,boy
216a9af3-7b82-4408-9e43-1daa5c8388aa,Bernt,boy
4e44a1ba-aca7-4e9a-96a3-83bc6b40ab05,Ove,boy
49761e27-afce-4ff8-8e4c-fca3de5247fd,Pär,boy
f573557c-eac9-41d6-a9e7-9b228ea94b7b,Ingemar,boy
f014cab7-500f-42aa-8cd2-6688d3b926f4,Mohamad,boy
a90c38e1-da09-48db-9abf-e8b43044eb46,Nicklas,boy
0ab9a16b-7680-4900-8367-da9d24692153,Kristoffer,boy
726d3d4e-9006-4314-a757-f4377e242aac,Leon,boy
b66ddab0-0cb8-4ede-b76e-d4a5bc0abff6,Melvin,boy
2966e49d-9b5d-4537-80df-7fe258073a51,Harry,boy
2cf95b2e-c74b-471b-89ea-f10a197b3f21,Staffan,boy
e1be41d1-9023-43d9-8922-ff99bf6792f5,Johnny,boy
9e367386-6d3a-45e4-a504-7390801e3711,Krister,boy
abf73a96-d1c2-49b8-9989-ae2884458a98,Gustaf,boy
4742234d-c2cd-428a-b6ed-d57fa5cc9ae3,Melker,boy
8602bfca-6af8-4769-9cb1-e01ac35b1963,Viggo,boy
2b830636-b91e-45c2-b7b1-dda7a72084a1,Rune,boy
a140b4ec-ab07-436e-b834-f5317d557544,Börje,boy
1685bac1-cf2e-402d-8295-6d1e4a113c5e,Ronny,boy
23a4b50a-ab6f-4dd8-8ed9-44e925b44263,André,boy
cfb8aeac-ff15-4f4b-878b-efb52047812f,Malte,boy
69761af2-c4de-4260-b70c-5fb48d6089f9,Jack,boy
c4e2a157-f5bb-40e3-b751-c66ef2b246bd,Alex,boy
bb5f9650-8222-4d91-9eca-8a55bca3e8dc,Benny,boy
3c1c4999-c0bd-43c7-8c3f-fd4015cd005f,Sören,boy
507ced42-4433-41bd-8211-da92aa4de56d,Omar,boy
4e94358b-ca95-428a-ab5d-b9842533ea44,Sixten,boy
50d0ff6e-e632-42d4-acdc-b842072703d8,Ibrahim,boy
fec6acbf-f4c9-4603-9c60-21150376871a,Paul,boy
4924efe2-ccb6-42ac-9983-745516d304ec,Tom,boy
4f3e34b6-8181-4589-b297-bc90c4cc62b1,Frank,boy
eddc222c-3932-438b-a578-cf2deae48dae,Noel,boy
cee37619-cf73-45a2-922f-7dd4d25aee0e,Jonny,boy
4403488c-764f-47a4-832e-bcff0c650402,Kristian,boy
1f64a4e0-f7b6-4f1e-9bc1-5dd90fffc2c1,Klas,boy
f2edd7f5-6a20-45cc-bb30-7434a213f43d,Sam,boy
af13ea46-2bdc-402a-9876-9ac121524658,Theodor,boy
4ffcad6d-b677-43d0-9723-313adefe720c,Casper,boy
6e0f0e5a-dff0-4e35-a0f4-9c3ccc5c83f6,Henry,boy
e54c37d3-0da7-44f6-a907-ac3496adb8a6,August,boy
44f60c25-b7b6-481b-92e0-613e1f0c9f1f,Morgan,boy
2366364b-3ea8-4f9c-8f66-0d74ec3c5f75,Alvin,boy
10e234fe-5da1-4c92-b311-39de897f8c58,Christopher,boy
00e52601-2395-4a7a-a8e0-79e0ec13c848,Hannes,boy
fae3c5d1-2a0b-4b0b-b217-2a43bcf11175,Josef,boy
82e85b6a-8dbb-4089-a5ab-78d47b63c4c5,Jonatan,boy
30666dbd-3cf9-47f1-8868-760be6595c73,Petter,boy
25057d44-ec9b-432e-9786-cbebcdbc97c6,Urban,boy
8f973106-faab-45b9-a23e-0a0ed0f892a6,Ludwig,boy
3ce6ef13-a111-4ebe-b317-fb9482a63717,Jan,boy
9fef301a-ba18-458b-adaf-1147fb62a2ae,Erik,boy
77d81219-4be0-4741-a889-a6951ee9e4d0,Ingvar,boy
02e11707-d6ea-4af0-be99-b025a49d666c,Love,boy
900378a5-d3cb-4966-8399-408ec3b23db0,Gert,boy
45c57977-8020-4005-9010-42118fac48c5,Rikard,boy
f572b377-668c-44e6-a1b3-aedcfbd561d2,Tore,boy
8b9a6c59-0bd8-4edb-aecf-a9d49f482121,Pierre,boy
5f8ebaac-9cbf-4f81-8d69-0c5386c5864b,Svante,boy
aec9a6f6-8995-448a-8443-03626374d0a8,Tage,boy
1f83bd20-1684-4482-aaa5-4e8a595bdc5e,Lars,boy
fefdebf4-d823-46d4-9cbc-56eb279710b1,Erik,boy
c8a17e3b-96bc-4242-9b71-60d04ee97dd0,Tord,boy
987d5d75-6169-4d6f-9b0a-73865110a05a,Mustafa,boy
d7155845-77fa-4ba5-be2d-aa1e433f1667,Amir,boy
72004c22-eb8f-487e-bfeb-595ef2665ff5,Måns,boy
5a008796-e50a-4299-9b3f-ba004e1f7abc,Otto,boy
5c371fe1-6d03-46af-af8a-168987d7b30c,Fabian,boy
b27ed837-b5e1-4995-968f-6e14c487e4eb,Sune,boy
b6a91e29-96ad-4183-a791-a57a8cb70e8a,Gösta,boy
783f6a42-0840-45df-950d-2acca0c55256,Knut,boy
794ea9a7-ab5e-4002-b117-7a63969da09a,Hassan,boy
3db289de-9535-4e02-94b9-a9a58cdd244a,Patrick,boy
44807216-54ef-4397-ac62-999cfbeeb68f,Bror,boy
7bff4461-5483-4a8a-aedc-b6d2c75a1ce3,Ivan,boy
a4a1a3a6-ccb5-483e-aca7-7b448e5b0251,Ebbe,boy
c50d1d89-b228-45d1-8a1b-53be49d316f2,Isac,boy
596375d3-c06d-4dc5-939e-c580cbacd12b,Vidar,boy
b894e0ca-8789-465d-9370-5a0987f36c3d,Ivar,boy
0499ea44-e022-4c39-8feb-b764aaba96a7,Sture,boy
451bc0a1-89f6-4927-912c-f506bdb1cf5b,Jim,boy
e0729096-7391-4277-944c-4e1365c29e7b,Eddie,boy
4bf38cbe-dcc9-447f-9000-ea6a64962a42,Valter,boy
891e2a7b-8eb9-43a0-a2e5-57da0cafcd39,Frans,boy
d3aa72b9-86d5-459a-8bf4-430126e1fa18,Ted,boy
ad0f7ddb-fa64-464a-ad0d-15ee3614daf9,Loke,boy
cf716c1b-5941-4eab-b0e5-e2dece5f8cbc,Wilmer,boy
99ae0e73-773a-4a04-b821-a2e69b6e216e,Folke,boy
d1bc8702-24b7-4b0f-b610-5bfd3482a19e,Milo,boy
5c271c55-f192-4c9c-8488-3856b98711d4,Jerry,boy
28bb603a-3866-4274-8051-fc01e0ece9c7,Milton,boy
6c585650-ff8e-42c3-8a87-4dd3dc84f8ba,Per,boy
a81b396f-1ed7-452a-b10a-8027cb22f9ee,Olof,boy
209e413b-ad09-40ba-923e-f469796938b9,Torsten,boy
b9820b02-f4ac-4162-999b-bd12c857bc75,Wilhelm,boy
9e932fbb-4680-413f-b4b6-f8728942981e,Allan,boy
e5ee1782-889d-4345-acd7-33b1789f7951,Mahmoud,boy
483734da-8f1e-46fb-808a-c0a1e4d162c7,Elis,boy
a8d9854a-3cfd-47d6-bb5f-e5715e26ec84,Muhammad,boy
ed9f0617-7f93-42eb-85fd-3e3ab18eec57,Sigge,boy
e61b0e40-74ed-4df3-86a8-46dc073c43ad,Elton,boy
3d579b8d-5bda-4874-9816-0ae5bdb4ca15,Emanuel,boy
a3d1d61e-28e0-49ab-a9b8-4856f466acaf,Lars,boy
9c20350d-8307-4e54-85bb-6b65911eb5d3,Göran,boy
343427c5-4a4d-4059-b851-2123e47c3388,Neo,boy
3a2bc42f-8470-4fc3-9df3-17fb962b35d5,Bert,boy
7414cf5f-9e16-4ea2-b0c1-34a82059f952,Jon,boy
f825f4ee-6cdb-4e35-905b-57e814f0dc6e,Joachim,boy
833b6d58-f95e-49a6-9c7c-78fc8385c0d5,Hjalmar,boy
17f16142-866f-4342-9a2e-1611a99f7fa1,Hussein,boy
a85abe96-9cdc-4f1d-8085-375d7bd63778,Kaj,boy
40d202aa-5f0f-4c9d-93bf-1f604b05ea3a,Walter,boy
578b41a3-470d-4126-a297-dba3463cdad8,Albert,boy
f7bf9308-30d8-4825-b4f0-5c3ec5153147,Aron,boy
c86adcf2-2210-4df3-8299-f25cdfa1dec6,Maximilian,boy
856fcf93-f339-4c14-be0f-391c14c53250,Edwin,boy
19dd1ab6-4fd7-4698-b94f-db1ff07cb7bf,Mårten,boy
0ba19131-e55d-4236-9e45-cbc257547c28,Julian,boy
16379b98-51e6-4dd8-96df-104ad9411b21,Glenn,boy
61e0d85e-ccce-4c35-823c-0d2010e0d6cf,Dick,boy
16868131-7f27-48e8-96b6-18fa0a28b639,Ville,boy
872cd896-6ada-4eda-8fc6-f8028c76c6a4,Örjan,boy
15a9f193-e309-42ea-83a4-f246350bbcdc,Vilgot,boy
4bc8f3a0-0b7c-4439-be93-824887fabf46,Peder,boy
668a7e2c-448e-4176-9571-c29510787b84,Julius,boy
ff8101a3-0f9a-4625-9e07-2989afc8bf80,Olov,boy
265e4db0-41b1-40f9-b525-273e51c9d5c8,Ture,boy
016e49c6-05ca-4bad-9175-3de7ebe0ca1e,Douglas,boy
3a1c87b0-860b-4a57-be3a-576b87dd087b,George,boy
d2dd01d8-cfde-4acd-af68-d86ab0f371d2,Inge,boy
8109c2e1-e30c-4212-97e6-da8a22537736,Kenth,boy
3d2d656d-48cc-4de2-9fad-9bd656451ed0,Sami,boy
c69a25f7-d590-4638-a624-89edf7ffae1e,Herman,boy
93f39aaf-d78e-4268-9a30-8bbee1f5630f,James,boy
b251d6f8-6fa1-4e6b-8c02-8cb7ad9630b6,Göte,boy
18da54f0-c8f3-416d-bdbb-c54bc75e9e09,Abdullah,boy
d5305220-8606-4768-b25c-b842211d53ba,Khaled,boy
3daa059a-c0d8-4bc0-9336-bad6ed5c740f,Kasper,boy
e02750d8-cbf3-4642-bf4c-fce333b9b1a9,Tor,boy
d9adac4f-3063-4a32-a4f8-690eec805fa9,Harald,boy
0972936e-3ad3-4d6b-be75-2ba16591b570,Samir,boy
24344d7b-b735-4f4e-bcf3-1463f559c7b4,Kalle,boy
58bef740-14db-42c0-b475-c0d366116e76,Jan,boy
458ad2df-0272-40e5-816a-74cb85eff91e,Olof,boy
173e433c-350e-4722-8bce-08f5fc2aecf8,Yngve,boy
6956aa7f-02e0-4ec9-bb57-f5fe6355ac7f,Abdul,boy
c4f34aee-7d85-4341-8030-e34461820a60,Colin,boy
28107e52-a712-4458-951a-aee2287d3da8,Per,boy
b5cfaf88-6161-434d-bb9d-a6822d9dea72,Erik,boy
0053029a-8e11-4336-8ed1-082ec75dd907,Kennet,boy
cd4fb9f2-32ae-422d-bd92-e9926202c665,Joacim,boy
95a91c73-8668-4df2-9e3c-630c02aed37f,Vilmer,boy
6ea4b62c-b288-407d-8927-c05dde4299cc,Ruben,boy
e68086ec-e2e5-4dc6-a81c-5801b26fee89,Patric,boy
d6ef101d-fb6a-47a1-ad00-b9c47ab0b183,Sven,boy
d379eade-f95f-4046-9d17-149e16b24825,Erik,boy
060898e7-166f-4591-91af-fae63a277b6d,Hasan,boy
9e3381d2-3a75-440d-aa86-521f1dd05d3f,Ronnie,boy
c983ba75-7faf-4363-88a4-b0d640334372,Dante,boy
6c5eb461-b046-497b-adb2-9f94d6e01387,Edward,boy
801ea8c1-f4ba-47b7-ad22-832db9c5c147,Dag,boy
f1d2af3a-a3f7-4911-8cf1-aa544c9db6c2,Lars,boy
5c8a2b01-775d-45b1-a9e8-9ded22d4eff8,Åke,boy
1d9a9e22-72dd-4c95-a28a-12d8b941edc4,Roy,boy
3cd57d54-09be-40b9-8a88-fcfa61ab9cfa,Ernst,boy
22cd41bc-053d-42f2-9f79-81d77317f4e4,Adnan,boy
818be245-45dc-43d2-b74f-ca1cf7d3f300,Karl,boy
83eadb12-4606-4a79-8ca9-fc050a5c3642,Erik,boy
01f48016-70e3-467e-9673-15b149354cb7,Einar,boy
f640bd60-93b1-4598-98f6-691f6a4d1cb0,Marko,boy
709e91d2-1b7b-409d-a2b9-ba8d83b7e7df,Micael,boy
1cd315ce-4797-487b-9ff3-d9d65fe10b55,Algot,boy
bf5eddec-3f5e-4c3d-9d8e-bb8682d7352b,Melwin,boy
6d6ecabc-2d01-45ef-95fa-0c7759221f23,Vilhelm,boy
ac9a6ed6-37ff-4b84-bfeb-ac3936b5b2e4,Kristofer,boy
78db10d4-9df9-4053-97e9-00ec65f3ba2d,Fred,boy
19f8f7fa-313a-4f42-8fa9-41441e021333,Kenny,boy
e1a841c3-8e5b-470f-a02c-625bbf7c5e68,Birger,boy
0ab8cacd-9360-4e6e-9daa-28be079be82b,Ralf,boy
d3e7fcc0-b13d-497a-af1a-a1ed9640854c,Mio,boy
c0163fad-fe4a-45ef-9c8f-63118a74451c,Said,boy
1fec2a05-88f7-4ea3-8d4c-bbcd22ef1cfc,Hamza,boy
4bb767a4-a277-4f2a-bcb1-c211c1762bf0,Curt,boy
244b9e04-79f0-4cd8-acac-f2356d2bd72c,Carl,boy
95a86e77-fa60-4d6c-a0af-c326842756b6,Johan,boy
7a188f12-6a53-4969-be79-f87a41610c63,Teodor,boy
8d3b2644-16b4-4418-a32a-1d82c2107206,Antonio,boy
dcaeed01-d069-4b67-b9fa-9120736502a3,Elvin,boy
4033aa22-c021-4032-a3f3-71d355aa2597,Alvar,boy
349038fa-660f-48c2-86c0-3a7f45e4997b,Carlos,boy
eb154b27-3770-4ad4-a77d-57cd6395ff7a,Ragnar,boy
8ccf24e9-67ce-4ba8-a39e-526fa142252f,Lars,boy
ade0bbed-efef-41b8-95cc-8af95a6ec0a8,Olof,boy
9a2829f3-344e-42d7-a0a0-164c3204c1a3,Joseph,boy
358b89ef-6255-4339-8976-12bfdc81d33b,Wille,boy
ed9b4f87-96cd-40c0-acdd-92f55b020438,Billy,boy
25a0052d-082d-47bc-b2b1-485630bf41a8,Yousef,boy
df8300df-c372-4416-bd36-e0203b067b83,Pelle,boy
0d4e1789-59a6-42d0-9732-1f2cf38e6e85,Nicolas,boy
1d25c0e2-789c-4ff4-aaaa-4fc6c144e6ac,Clas,boy
6a62a96a-80f6-4461-b9fa-77b44c8cbd58,Uno,boy
5b8289a5-58a4-49c9-a6b5-7a16cbe7105d,Abdirahman,boy
a26b9d66-c1cc-4c8b-b66b-60ea9c3a270d,Alfons,boy
d2c3e561-0b20-4560-ad5b-6ec8b2ce13ad,Nicholas,boy
19a405bc-375d-4264-9f65-4b1a3e0c3534,Stellan,boy
f6ce7ab6-eda7-428e-9eac-c080be9e9774,Eskil,boy
a5373f11-58c2-4504-87e0-2e0f6b9a7fa3,Sonny,boy
621406f3-5137-4091-b2d1-6807b96b7b93,Bruno,boy
dbbe44bb-d984-47bb-88cb-4411a6bcdaa6,Jari,boy
225226ca-1952-4b11-aa4c-7113bdd16dd0,Henning,boy
4a84a286-3453-4a56-80df-a529ff344b09,Holger,boy
f4be1e4f-8f66-49cc-ba54-d7747260d61b,Mark,boy
f9e3d37c-8c4a-4a13-9299-9734f6ee6a48,Georg,boy
ca729877-1c8b-45c2-9b12-1993e5187155,Ismail,boy
35922f64-0743-432f-81e6-8ecfa2a9698a,Piotr,boy
c6bf86f3-b256-4af3-b683-5a5b86dfe6d3,Oliwer,boy
30dd09d9-e637-4782-8de1-909cf4d78ced,Juan,boy
4ebbb5cc-de81-4282-b92c-883eb653e162,Yusuf,boy
2d1152cb-236a-4a1f-8bec-b964a49787ca,Charles,boy
89ff2611-ce15-4ac9-992a-856de241f693,Levi,boy
a6f3bfc5-bcbd-45f4-9801-7c9bf93cbc55,Milan,boy
eec48056-f4f9-480c-ac25-b8d8c9183340,Henric,boy
91141902-2e60-4c1c-b7e0-8d82799961ac,Kian,boy
8c227763-f437-40e2-ae3a-743e36abc578,Christofer,boy
7a7389e7-45ac-482a-97e7-0c5af8317cd6,Reza,boy
f7d38ee3-8023-4c43-83e7-899f9550923b,Torgny,boy
3b4976ce-e12b-4e84-9f9b-07c312a35758,Mario,boy
cec8272f-43ad-42b8-97a6-7ffa0409a169,Kari,boy
47522169-6d9a-4f25-a2e3-21d682efc5be,Matti,boy
43f68d13-bc51-4360-a716-4cc74d111010,Emilio,boy
cd2cbbad-28d6-4d79-a57f-344bc4749441,Jan,boy
5abd755a-fa7f-42b5-96fc-22ce087381f8,Åke,boy
9945d172-0b41-43c4-bb72-c353460bc005,Ossian,boy
f15af2bb-4f85-49bf-91d2-617212764834,Anas,boy
114a0146-c059-4b3c-8a65-92acdde35a6f,Leonard,boy
31f37efb-5d26-4951-9dd7-7a6cd1c2a884,Mahdi,boy
6c430767-7c3c-4009-8ba5-9f5a58b8432d,Bill,boy
45327609-7c39-4cc5-b358-de3f0b603798,Vide,boy
34e2d13f-8640-4f6d-aa90-cc229841bcdf,Evert,boy
9efba54b-2705-4ec1-956a-da69f7edfd94,Helge,boy
24fccd41-1c07-4c48-8e64-83d255ef6cd4,Jimmie,boy
cf886055-939c-4691-927b-dc78c0c2c6b3,Fadi,boy
7c8a650e-6e9f-4b37-a2c4-6a834c5a2b3c,Marco,boy
0d77199b-c685-4cd7-8ec1-d8fe2c035fda,Ian,boy
790d33bd-8256-4687-9195-0b32309b2876,Matteo,boy
27ba58fb-e633-4c39-83ac-16fe49718ecd,Tomasz,boy
ec49fc76-3d54-48d5-acee-c54ffd639ae1,Andréas,boy
9815e75f-e099-4ef6-bfd7-4f0fb5eabf47,Krzysztof,boy
7c267c98-371e-46b8-b5a0-0d2d3ee18097,Loui,boy
5615a333-0199-4f31-9e74-9754d5d2d127,Artur,boy
79b9305d-c75a-40ce-bccb-a808ee767df4,Thor,boy
54f93357-5d12-4478-887b-9ac22ca7fd3a,Alan,boy
2df479cc-535f-43f5-89d8-c69406172d5e,Lowe,boy
ca032677-c5e6-43d0-9019-d4a2cee1a6a5,Mehmet,boy
9cbcfbf4-e48c-4471-9632-0f918e3c6021,Hamid,boy
8da21796-8c6c-4e80-b249-1ac7e47a05ba,Michel,boy
d617ac22-cce4-49d6-838e-082615338bc8,Fredric,boy
8df5f3ad-06cd-4dce-8236-8964483c92cc,Abdullahi,boy
33a67f66-f7ae-4eb6-a758-86e5e303a43d,Jerker,boy
4de67cc8-95cd-4d92-8575-4927588a4030,Luis,boy
92427e46-e6ef-4510-8484-ee6bbb74fd6f,Nikola,boy
85bdfbec-55cd-4aee-8171-978042056b2b,Rami,boy
62d0d556-d938-4a55-b11c-50c413b12e3b,Khalid,boy
4f5dd813-d1d9-4528-91fe-37ada9527ff5,Timmy,boy
4eff607b-f771-4ef6-9207-f1210bd8ce0b,Timo,boy
418c32ea-7f45-44c9-a8f5-4894ebf6a9d8,Abbas,boy
10f85417-6085-43a7-8234-66eedbbfb5c2,Alve,boy
4fc87c5b-a6e8-43b3-8347-a5a48e6514f0,Osman,boy
592f1d8c-944c-415c-bc30-ef3fead8675e,Mika,boy
ce4e4d91-c078-4ae1-b164-7ac71393aed1,Noa,boy
0ecccc94-d2e3-4e95-a620-a16f5cb5be57,Aleksandar,boy
19914b2d-a416-44c3-aed4-2e29dcdaa7ee,Isaac,boy
444efbfe-bedc-4cc0-b021-5983e0656ba7,Toni,boy
9f3f0172-b05a-4aa8-ab84-cfc0e28d8974,Teo,boy
0afc0b0a-8619-419c-90f1-ea12d8b6b343,Per,boy
09859ca7-9639-46ac-a9fc-b46575e7b5bd,Åke,boy
91f4eeb8-9c1d-42c3-a9fe-f948f0bbe613,Pawel,boy
f677dde7-7e01-4dcc-99ee-60e367df14e1,Elvis,boy
ddd82024-22e2-406d-bb0a-1fe016e83433,Jamie,boy
b635f9a8-efcc-45ed-87d0-6520a32b3f97,Amin,boy
d6cd45cc-3b8b-45dd-b169-06f82b0767f2,Bilal,boy
42efe9c8-6fd2-45e5-9eb8-a63881b47954,Anthony,boy
d6d4732d-3b10-4f7d-9d23-6ccf501ed75f,Aaron,boy
b038e4a2-881c-4056-987c-10c4a81cd8ef,Valdemar,boy
66e254a7-f7c1-4bb0-8404-9531af0c820c,Emir,boy
b241b3ad-008e-4470-a7c7-302fabf17503,Sven,boy
d5a3ceef-3913-4b95-9c0f-1740bca72536,Olof,boy
7bd7c167-efc1-416c-8f6a-0db4eda507f0,Georgios,boy
01c45c6a-1179-4cf7-a74b-34ae62d7fd3d,Karim,boy
b669258b-21ed-4090-ab82-5b750dbf8eab,Youssef,boy
c9acbed1-cc27-45df-9f15-e861bac2c620,Claes,boy
f239e9ad-0107-4f18-ab7c-e4ffa048d2a2,Göran,boy
2ebbdfe8-c92c-4c35-ac73-d89e35d8ed41,Matheo,boy
9ebe4dea-9166-491a-83c2-e468d9c6c014,Marcin,boy
f80c859b-f587-4a3a-b92d-bece1522e0b1,Goran,boy
dde6470c-ea9e-49cd-9f6a-3b7e6c712fc3,Lars,boy
c5122765-0c3a-4311-9fbd-71d609abb236,Erik,boy
6b981829-88a4-40b8-9e85-0f39ff669913,Andrzej,boy
28685232-3e50-49bb-9d0a-0f36d4409786,Denis,boy
65f802b1-bd1a-45cd-9311-f3d0a43574b1,Louie,boy
e2cb3a19-9f57-419d-9634-697be4c7bb6e,Lasse,boy
1987d098-171b-445c-9865-932988b5f4a8,Jarl,boy
2b50e800-693b-4696-ac0f-f237ecc42493,Matts,boy
0cfbe3d5-17f1-4225-b2ee-e2f9b7a44d19,Edvard,boy
1b258cc9-dc5e-4f25-aab8-ca8c104a0037,Erling,boy
d23db472-6324-4a2b-87ac-1eb50fe2a401,Tristan,boy
13c464c9-37e8-4320-b91c-a60df2d4af59,Igor,boy
565079b9-bfed-4f4a-a8d1-f2c2f8dbbd3e,Bjarne,boy
44f6ea72-0767-4b5b-9086-0f115a61417c,Lars,boy
619cfc2b-a70a-4217-848b-8332c0f1248b,Göran,boy
ebcf839e-886c-426f-b9b3-2f4ee8dbdfab,Lars,boy
b2e6f5fa-e247-4005-aaac-2f0b41017352,Gunnar,boy
95fb3163-59c3-4144-b3dd-6659f2654e5d,Ari,boy
96204e27-89f5-4ea4-aeeb-d8cec37de2f0,Elmer,boy
61236ca6-7751-4232-a202-60deb8495ebd,Mhd,boy
2c4db4ff-3e67-4cef-acc8-cd74ad2dd107,Dragan,boy
4ba470d4-a188-4631-a5a7-a6650265ba5e,Ammar,boy
5ae4f3ae-d7a7-457f-90ea-1ee978eaf8ed,Jan,boy
5ebfcf5a-b300-4dc5-95b1-3d6127b0199f,Erik,boy
49be4eaa-75a8-4c9a-aca7-20248aee89c8,Erland,boy
480a1363-4c88-4bb2-8752-f1cfc9ac32b3,Calle,boy
2b110b72-c161-4d9b-96d3-7b6a101f0f19,Andrew,boy
54f1efa4-8813-484b-b2e9-4a032c6118d1,Jamal,boy
e5faba70-667b-4a93-94c2-784fdcfa2b7f,Boris,boy
2a8e52e9-06e6-40f5-926d-bac5b6b27c53,Per,boy
98205ad0-54e3-4ab4-8e88-86d790aa3e54,Anders,boy
fd4041e9-5863-4c57-9236-112f11cfcd86,Michal,boy
ac6f0620-6b04-4994-b147-dec959f60469,Van,boy
fdbe5989-8360-4fa6-8a4f-b710f8a44717,Timothy,boy
4419df27-1601-4ced-82fb-c21e59100b91,Abdulrahman,boy
4623586a-18d9-4702-b47b-914a42878b4e,Egon,boy
7ef5be4a-6396-4d9a-a433-bc6204199c3e,Zakaria,boy
414dde0c-7dbf-4ac7-a662-3972b59d1bbf,Berndt,boy
1a87bcbf-18bb-40e8-8b78-38a4eaa734cf,Marek,boy
de70d2a1-dd37-463e-b8e4-87aeb1634b53,Kai,boy
e18d9c7f-9d4b-43d0-8e6d-450a473b8c42,Janne,boy
4511abd5-ede8-4794-af84-bcc1c0f4d478,Jason,boy
118ca16d-1519-4f7b-bd96-7e670ecb8d52,Md,boy
d2d034d3-0fab-4f9c-ab79-a2a41db6b8b9,Aston,boy
65992796-268c-477d-b468-9266f7226e47,Joar,boy
0547c399-1b47-4bcc-8091-eb7fed3c052e,Per,boy
78012e9f-0d4c-4349-ad58-a4a30fd7bb0c,Olov,boy
fdb075e0-1614-409b-b177-c1cb9bed766c,Samer,boy
7e275d61-4af6-4362-b039-2aabc1a49dfe,Greger,boy
392dd58d-b77d-40fa-8aff-7d0542b30a10,Arthur,boy
b003007b-7792-41ad-a566-d7cae2505983,Rafael,boy
b4457319-46c4-472a-8d2f-3c46c141b8f0,Alaa,boy
ae5091ca-d61f-44b7-b7b8-d983f1fafb08,Juha,boy
f8ff2d15-cc2d-43de-a8f2-1d6217110d73,Amer,boy
99eefdaf-7633-4f18-990b-809c5aef7914,Markku,boy
91161e5b-f143-4eb4-a388-35bb2a15b3ac,Zoran,boy
3c15d94c-f3ee-44c4-8f7e-e879185a3158,Abdi,boy
ff0ee593-8618-4dad-b9aa-ef5166d7c6a0,Jean,boy
22dfc3b9-0067-4c60-b236-be8506a45d7d,Milian,boy
f36d2348-87e4-4ed3-9836-b069f6f67573,Leonardo,boy
e1efd623-8ad6-4020-b334-290fe4d371d7,Mehdi,boy
4162d3a2-1d0f-4a5a-bc79-1b4eb4fb4284,Mostafa,boy
3b595dff-e1bc-468c-9a58-5eac0d7175e4,Per,boy
2b1e6d6d-8d54-41d3-af56-196bb2b0c18b,Arne,boy
95007182-c707-41c5-b4b6-dc7f5e73daec,Manfred,boy
e5436a6b-f394-4cd0-bc88-9f26a6d113f2,Jan,boy
7ef7b6c3-d49d-4be2-8e90-e99726f74a29,Olov,boy
e759ea0a-b4c8-43b7-9313-eea51251f34d,Cristian,boy
fac88b9a-202a-46cc-af28-a0385f65c786,Theodore,boy
84c6a20b-ad9c-41e2-96d5-6f1437e73809,Karl,boy
ec0a2d8e-2947-4e98-83f9-cc114e5e2b5c,Johan,boy
108f24d5-1b22-48a1-86d3-c5d65d191ca1,Abbe,boy
7ab5cb75-054b-458e-9679-7cfe2c1681b9,Jose,boy
b86ffd39-79d5-4a65-b013-f847aed50894,Pekka,boy
d76d9a2c-e14d-4c90-b4c7-9fac84328433,Sven,boy
0c909b70-d0e3-4673-8b1c-353c3ac1a2d1,Erik,boy
7f28332e-9ac0-4fc0-ba8b-00bdde4f7c63,Ulrik,boy
5aa63a90-9ee8-415e-98c8-1deb7401e2f2,Sven,boy
50e4375e-139e-4567-a7a0-3e11d1097ebd,Åke,boy
55919e86-6c9e-4997-aac2-56f3d04a8270,Ingmar,boy
9b3a4620-6124-4622-bba1-d12b67af36ff,Reine,boy
b6c11458-12d4-426d-9791-d765fc50696a,Seth,boy
29d0cc6e-d3b4-4ed2-aad6-2a2fb4037bd6,Yasin,boy
c4a5a9dd-ddfc-41b1-9576-5aa1af8f2db5,Hans,boy
325643db-5612-4c22-9ee0-75e5be841bdc,Erik,boy
95fe5741-cd67-409e-9e3b-29761d9b4bde,Adel,boy
82d87870-1ec2-4932-8f5b-81841c1427b8,Willy,boy
c945f1a9-ddfc-4fe3-a37d-b03ae834826e,Rayan,boy
4728e533-a51c-4754-8f37-ae9d883a7cc8,Jorge,boy
4f87139d-6d3f-4937-a6ec-75cc5f039f87,Vladimir,boy
cb593e1e-43b9-47c6-a964-5d8972e23fe2,Edin,boy
f7bd3940-9e63-4a84-93cf-30bf771911d5,Armin,boy
e46c0960-0241-4628-8577-7c62acd64b14,Roberto,boy
5d13c65f-d541-442f-bf1a-b6f43a06d6da,Petri,boy
b63dbb59-cc45-41ad-a0a7-49a4a4991cf8,Per,boy
57c23d53-d788-404d-9eec-ec39bccf6f51,Ola,boy
8f78f70e-527c-41a5-9a83-0e95a2258fc8,Manuel,boy
b37eb91f-773c-4022-8889-4b7aab69bf71,Matthias,boy
584795b8-3a6a-4ff9-83c0-4cdfd7cd5a1a,Caspian,boy
c8a65c1e-4830-4990-b100-6b87125590da,Walid,boy
ae1d8218-c0ee-493d-8ada-e20098350b75,Kjell,boy
845e7769-7e71-4d5b-a2ea-27f37629db22,Åke,boy
7f6d3380-1777-48e5-a9f5-4bd84996f4d8,Dylan,boy
201dcd9c-464d-4d10-b711-fa2c31d17273,Per,boy
71825402-1d93-4158-a7bb-ae581d05748a,Olof,boy
130f9e44-873d-4991-a660-3d486639ec90,Agne,boy
66403956-3c20-41d7-9e96-6b91ab1f37f1,Lukasz,boy
bb49af5c-f9a3-4c0d-9ab0-8d8686423930,Ralph,boy
3f24075f-2187-432b-afab-e727f7d107db,Valentin,boy
733d7041-ba6f-406c-bc3f-5ab9dc0c43d6,Hasse,boy
93208486-c51a-438b-9366-1ce21f1cab25,Sigvard,boy
ec6ceb6a-0916-4d69-8b45-415d4071bdfb,Elliott,boy
94762266-b713-4a55-bc9f-615ce515d940,José,boy
09916f68-6502-4348-9fe4-72805e685ce2,Grzegorz,boy
035c6eb1-cac7-4818-9ee7-d2942be9a08f,Hadi,boy
ee4b1933-a601-468c-abf2-272b113cf575,Stephan,boy
ed29f723-e11f-4ede-a785-ccdea7afb35a,Konrad,boy
5558a57b-b3ae-464f-929b-82a83593387e,Hossein,boy
a83cd050-ba9d-4c78-b6a8-0ccc59bb84e8,Marcel,boy
7fe9f688-f823-4977-a531-cec374942a55,Joshua,boy
27851e2c-27d5-4776-a745-68ce103d1814,Miguel,boy
d2c5c568-44c8-40b0-a441-61e65ca7f54b,Milad,boy
a0e9655c-3914-4a1f-a5c1-2dd1960e34be,Seppo,boy
9c087196-e4cd-4539-9313-1ae06a17af6b,Tommie,boy
24d766e5-0ac6-4105-bb2f-5961dc0dfbd3,Nabil,boy
8b723655-ab47-415f-af9a-3c0f410b1749,Yahya,boy
54a7da0c-43cf-45d8-8596-dac74437f129,Ayman,boy
2a912cf7-9a24-4319-80e4-61c9139ff002,Nils,boy
702e02a5-7200-4100-be89-4dc9c48dd48f,Erik,boy
a5ae9c99-0b91-4828-83af-f7bc39814b99,Roman,boy
5222c891-b251-4fa2-9b6c-a5f309b4f63f,Finn,boy
91fca5fe-fd73-4828-9f76-a101dea19d26,Dejan,boy
f0ce89cb-9f24-4485-9208-873f5050dc43,Thorbjörn,boy
e40795b1-0c28-4250-9a3a-5e6f50aa7f80,Ahmet,boy
b6cff90f-a62b-47b3-86c1-39bab7be2ccd,Muhammed,boy
3d5376e5-bbba-4199-a1c9-13f39a5a1626,Khalil,boy
81aaf39d-e00f-461e-b6a4-181839554358,Ronald,boy
0cc58216-092e-44d4-b346-298b3ac1304c,Mateo,boy
34438be2-7263-4f3b-8e98-7abd24f9a049,Jakub,boy
f28cc60d-0ef5-4200-91b1-5e3d63c3a6d4,Brian,boy
ea4e161f-1fa8-4c44-8eb5-aac3358980d9,Didrik,boy
9574c350-2e1f-48a2-8b9d-b351f958b587,Raimo,boy
d7a9d8db-1259-42c7-b02f-7befbed72990,Aziz,boy
616c52bb-0f76-4ebd-8bcd-7b45a3c67ce2,Helmer,boy
45013e9a-89d6-49e2-9ece-df313afb2a0b,Mariusz,boy
33e4ac78-0ab2-4d8f-94d1-4094b8f948d5,Matteus,boy
e1a8001d-9b9d-44b6-9931-ebbf4d425df5,Maher,boy
607c2fb9-7333-44b8-ae82-9c4ce959d121,Mille,boy
e536a087-f0ff-41a3-8402-e4b8ff2eeacf,Raymond,boy
4632df6b-d691-4d19-84d9-a22e2cb9c705,Osama,boy
c93304e6-c7ff-4c82-a855-80d3d8e80c03,Edgar,boy
dfeca784-fdcc-4bba-9a8d-f8a4569a4de0,Marius,boy
9dd57240-ce94-4895-8101-35659e211666,Haris,boy
ae0f4c27-547b-4026-83e5-08c19358665c,Freddy,boy
b0a561a0-2a02-4158-bc5d-d7e2271dddd8,Salah,boy
c51e154b-510c-4b91-9ca6-06bc8a20651e,Yosef,boy
b65e1ba3-354b-4298-97bd-85f33e9b765f,Kamil,boy
5e3a32c9-8cfd-4e7e-b9ef-974dc55bfa87,Ole,boy
fb81a827-c9c6-4e3e-a4f1-4644c83100e7,Mattis,boy
31dc71c0-283a-4685-8821-7e950781616f,Dimitrios,boy
30fffcb6-a57a-4698-b41d-7e6bb837b080,Konstantinos,boy
ae747444-268a-4992-b749-b201b0522da2,Jorma,boy
7a993492-d8a8-46bb-8cd7-b8ea5726b0fe,Jarmo,boy
336953b5-f5cf-4a5f-89e1-5b85ded57f6f,Ryan,boy
d11b4aab-ea01-46e9-9866-f146f4e830bf,Amadeus,boy
5bfddba5-a7b1-456d-b2ce-50b155473ba3,Aram,boy
939c4b28-2a84-4662-bbef-5ab84824b783,Dariusz,boy
04373b7b-66a8-4cd0-94f3-2e2a8e3f8516,Hilding,boy
0bc38c37-c851-4df1-bdcd-0ca8444e9e48,Lars,boy
9a1d9f3b-09e3-476c-9dcb-ef47543ca5cc,Åke,boy
95b5f501-7708-4433-9004-c0c59110cc6b,Kenan,boy
0e42f102-59f4-4e11-a5df-5eb6a0aba683,Bengt,boy
12efbf3b-ab08-4a30-a20c-a9f14dacd3c3,Åke,boy
741117ce-3f14-4fc1-a677-cf17d222d93c,Saad,boy
f94a53fe-20b4-4a84-8ae6-11b034c153c0,Marc,boy
3dc47ca3-e4a5-41a5-a6a9-5af988612e3c,Wiggo,boy
3d3d5387-a854-425f-b812-f09fb61c5393,Morris,boy
3a56680e-32fd-40fc-bb3a-e83d73bdc6e4,Steven,boy
f82c0d9c-ee01-405b-b610-9c324664f94b,Danny,boy
671bf7aa-199e-4b49-a1ce-8ea0869fd32f,Matthew,boy
cb61d74d-66fc-4ec7-b026-44d947a3871d,Aleksander,boy
1f5473c4-846a-48cb-85e6-a54c28ae9774,Dino,boy
47fcd9ae-243b-470d-a1aa-9af0a7ca3764,Zacharias,boy
797fd92d-a7f0-4756-a156-df284f8d60f3,Tarek,boy
4d4d428f-142c-4c7c-844a-ea1f000236ae,Karl,boy
f29dd13c-ac9e-4a36-a075-b0537143c9d5,Erik,boy
316ec928-41e7-46c6-9a29-9c00e641b98e,Otis,boy
74e45175-c8f6-4027-8b16-dbd8cba154ba,Dexter,boy
4530e37e-64b5-4c74-b301-c9f4f725b7aa,Ken,boy
20c1e38b-85d5-4862-b535-6f9e3628cda5,Rafal,boy
af3faf26-505f-4672-96e7-d8f31ed0c655,Manne,boy
fa40b430-d6a8-4c39-b1d4-328adebcba3d,Pentti,boy
9b91e7db-9deb-4d68-827e-049210d44d84,Frej,boy
ee6e2f34-2502-400c-8ad7-38cf6b04bd85,Hannu,boy
4df50349-d766-4fd7-b4a3-412cb11c0471,Steve,boy
a51a78e6-e6cc-4ae6-a500-d86719fc8aee,Alireza,boy
422c8025-1bc9-4ea3-a0eb-faf7b853b6f5,Östen,boy
38d0977e-fc01-4820-a3f1-a3013528b1fe,Amar,boy
4f67e033-fc45-4026-b9bc-6fb285b8b4b9,Imad,boy
12776a8f-6d9f-4002-b08b-cecb6c553b49,Lionel,boy
113beccc-b118-4f38-981c-494383f01b28,Nikolaos,boy
dd658aa8-d8e5-4f66-bbda-3c2119abb69b,Bastian,boy
8c9b1f4c-9d2e-4d8b-aff0-d97872642db1,Roine,boy
473a4a76-b0a5-4542-bb0c-882f6fa3ea42,Arian,boy
9a142f87-e66f-43ea-8ec4-270c012875d4,Damian,boy
a55432e7-258b-4ca7-9966-81c0335c9a48,Farhad,boy
ceb5ac1d-fb1e-43fc-9df8-83e753c097a9,Ioannis,boy
e7209c34-cb2a-400b-9971-52f11482ae36,Majid,boy
40900e73-8d06-4fc2-b6b4-47af437be1f7,Omid,boy
8f8f12ed-611c-475f-b6f5-a39c63615c36,Erkki,boy
5aaac032-499e-43d7-98a4-a6418afbbb51,Morteza,boy
b90f568a-aa29-4860-9d0c-1686265b13cd,Reijo,boy
0ed9841f-b2be-4b97-abd7-0107ed44098c,Bassam,boy
e99d2e42-faa1-4d7c-8796-75000f5ac00e,Wojciech,boy
94ae5ae0-8fbd-400b-b442-fb3041c1294e,Hector,boy
f83d2e31-7220-4e88-8591-7591f71c3430,Mateusz,boy
3fd7703d-52b6-4a34-a0cf-9970a9256ad7,Owe,boy
feb1dcb6-3e87-442f-aefd-331097747d40,Angelo,boy
960ad5e4-cd7d-4867-9192-9429ef2a42ab,Wiktor,boy
0f415f69-bbe8-4f86-af78-69b3f49e2a80,Kamal,boy
d1a2a245-1a00-481c-9f1f-afe84e4d0b25,Malcolm,boy
7faf8246-5123-4d09-9566-cec49d4ddb66,Fritz,boy
e83569c3-d21c-4ccc-b254-c8ef52a5137c,Ben,boy
20673f04-e3a1-4f12-ae7a-7f9ba469d918,Akram,boy
f6b79e4a-6aa6-459b-920c-77b7c9297141,Francisco,boy
cfd6a7d6-944a-4f7b-9e19-2141e7a2086c,Alen,boy
8a6462f7-6215-46f3-bbc3-aadba4b64866,Harri,boy
d9ba7b93-801c-43f1-9eae-f7ad550020d9,Marwan,boy
909b7748-376c-40d3-9e1f-9c28b74d46c9,Saleh,boy
927771db-4b0b-41a1-af0c-0b9995847342,Sverker,boy
56c8c9cd-24d1-41db-8b98-d75da4c09f58,Freddie,boy
b8d13e3b-9513-4230-9e2f-fa9990af7b08,Naser,boy
80b001d6-4389-47af-84d0-fd9c935cd38c,Mohsen,boy
6ffea067-09be-43df-9925-c1739340bbe9,Zaid,boy
11085ef9-9820-47b7-bedb-22b1dd8331d2,Karam,boy
71198332-c738-487a-9232-47989e69acb3,Nathan,boy
82647f76-6b6e-433a-a94d-d2b7c218e3ca,Assar,boy
b43d0902-7b7c-45d7-970a-dd30c05ca1c6,Tonny,boy
d361a182-9822-4c67-9da1-f5572fd0a108,Andrei,boy
529ae6d8-ac27-4b3c-8008-bb90ef1dddef,Ricardo,boy
79472d11-6c15-4026-92c0-ad21f268a6a1,Luka,boy
9bb55ba7-1db2-4129-b404-6065db7594fe,Odd,boy
536a8087-223a-45dd-a224-6196a4ae8b2b,Mike,boy
15d61364-2242-4343-b60a-93c15397db47,Abraham,boy
3647e175-fd4d-4870-aeea-4650b10e2b85,Stephen,boy
c5244340-e33f-4e57-853b-2726b2d53486,Yousif,boy
a708e1ef-e10c-41ca-afe0-80edcaa267e6,Jani,boy
24b2e5b1-e848-4370-9a1e-6e153956f031,Seyed,boy
5da223c5-154c-4667-a793-844ab4eb877a,Thommy,boy
0f156b15-9235-467a-84af-4c6ed9cde98f,Arman,boy
93fc38f2-03e3-4f82-abed-db7a9986e5cc,Lars,boy
cea770c0-cb2b-4617-84fc-2e1f6655f799,Ove,boy
349f8502-633d-4a0a-8d55-46fa784e2d09,Thord,boy
a07abb1a-cb7b-4ca0-a886-757d9ed67cc9,Jacek,boy
4494ab10-bce7-4694-8c91-129d548d02c5,Emin,boy
6b7b2b3f-2ea9-4e0e-801b-02426e24fe91,Issa,boy
85050f28-bfee-4240-b0a7-1d670db67387,Truls,boy
e27d9039-7e6b-46e2-bada-6c346ec1371b,Heikki,boy
300acc85-c0f0-4c21-a002-cd659fa808e8,Yazan,boy
fc14674d-75ab-4b74-a578-1414c36b9b08,Alwin,boy
8b0e4cf4-ffe6-4a22-afc9-dbd305ac804f,Lars,boy
97c2e5ee-ae44-4b6b-bd5c-edbed5f09097,Olov,boy
debf4ed6-14d0-4e75-bf43-02aac8da68e3,Winston,boy
0264b0b7-d10b-48f5-90a8-e080532b7b8f,Dawid,boy
8b0d9c1c-2edb-4042-ad1c-1ec0fc8f8233,Jukka,boy
4d22333f-faaf-4e59-b1ba-435d01fc49b4,Waldemar,boy
ce208e7a-0696-4183-8b4f-f42e5efaf37d,Gerhard,boy
faff3c53-435b-481b-8777-54d798e38579,Sean,boy
33f264e9-861f-4903-99bb-1f42425952cd,Mickael,boy
23dc9ba0-a320-47e1-8785-034053ee662a,Damir,boy
1eb90885-6020-421c-85ce-10e2b7276f0c,Pedro,boy
78f9d846-b4e1-415c-8db5-7a80e11b84bb,Adem,boy
70084d34-0870-4837-a4a0-eeafcb161a98,Mahamed,boy
1dabf080-0e8e-496f-a8cd-10e6c7f69224,Salim,boy
36f947d1-915c-4fd1-8bbd-562204d34da9,Diego,boy
46fa3183-9fef-43f2-b3a2-32aefde5fd1d,Chris,boy
92c71b9c-1c88-49bb-b9e2-4a3e4356c973,Enzo,boy
c80c4e54-9dea-48c0-b7f3-5019acf49958,Lennox,boy
df42715d-7f52-4c81-9eb3-c2b04036acd9,Maciej,boy
8fea0972-35dd-4e61-9b8d-65f7168e2c93,Per,boy
fa6e398c-5fb4-422e-8996-071e69161166,Erik,boy
4c050512-b5f0-4bfa-8b8b-c8d945867efc,Musa,boy
05c17849-fc36-47fc-ae0c-eaff0927cd49,Malek,boy
416e99ca-3712-41f3-a111-3fd6953d1c8f,Arash,boy
a4713911-d15d-489d-87ae-8a093091e9af,Emmanuel,boy
0af38e41-b0ea-4007-ad9b-66558c32fe1b,Alexis,boy
5e1e1b7e-8247-44e1-b3cb-519fc56745bc,Enes,boy
f8e418e3-57a9-4b36-8996-b48635b9c8b7,Imran,boy
8d50729f-787e-49fe-ac06-a76c18b99de7,Farid,boy
1a88b99d-6f32-4b41-9c55-c7da64ee0e3d,Jan,boy
4f61a658-ab1b-4c74-a5bb-56fd4d60d08f,Eric,boy
410df976-97c4-4361-9af6-f5f11ffd6dc0,Bashar,boy
24c7a148-5a7b-456c-9f86-094facad1b3f,Bosse,boy
a13fa08a-6b8f-4f06-bba0-579b9902857b,Malik,boy
721bdc29-a62e-416b-8297-2e1f239e39bf,Alejandro,boy
1428bb99-7116-456c-be65-e8367dbf9cd8,Fernando,boy
cee1a3cc-7ffc-43bc-8d92-b6319ab846ee,Christos,boy
6371a724-3518-4736-b1ee-6037cd608691,Emad,boy
822be350-3b9e-42ab-b92a-f535c8981949,Wilton,boy
5615317d-2f8e-47fc-9a90-32569a1fb232,Pablo,boy
aa04ea74-a7f4-409e-86f7-82e6ba66aebf,Zackarias,boy
2cd09bd1-a513-4d7d-8521-87d8ca2955fb,Arnold,boy
6d708b56-e946-4c0b-95d9-5e2b826079c7,Murat,boy
c2ac857a-8e9b-4ecd-aa97-5236e9f39e5c,Nick,boy
db81ee66-835c-493b-b78a-4d2bad691e82,Hans,boy
e0ffc504-0a2c-4f15-be36-0f71f08579d7,Olof,boy
4ed1f3cb-274c-4204-8314-5f6b27f86a2e,Devin,boy
b8101190-da28-45ea-8ff8-45e6f85aedc9,Senad,boy
7aa7d665-96f6-41db-bc6f-9d5bb3ba55c5,Matias,boy
1a9a4cd8-77e9-4b81-9893-fb0c9445328d,Sivert,boy
d911646f-2b79-4d81-9250-da0a6cca526b,Hamed,boy
f471329d-9e0e-44d7-8324-01f8dc3e300a,Habib,boy
45d84bc5-f7a1-4b14-be89-f2b1f585550b,Jan,boy
2eff9d50-f99d-43b9-85de-9f8b3ca25dd8,Olof,boy
f5c521b2-0ace-4305-9edb-841e3177c645,Muhamed,boy
181740b1-220f-4ae0-8fa2-92bab0a51165,Lias,boy
c3057e47-a423-4997-b2f6-90cb064f6334,Salman,boy
5589f247-5dd4-4e38-b3de-93c06e7a2cbc,Ziad,boy
dbf38010-78bd-46f9-bf5e-0adfa1fefbf0,Abd,boy
bff34add-9a72-4c7a-a7c5-30cf0d2d3500,Jan,boy
7ee6beba-25ac-459b-9a32-d077c530189b,Åke,boy
90b746e5-ef7c-4be3-8b83-1a9792f39a4c,Sander,boy
4b9a9532-4e3e-4f7d-9b5a-d18a621b05e3,Anwar,boy
04cb70a1-2e67-4556-83d0-045cfc9d8c6c,Laszlo,boy
e46c2b1a-00cd-4e7a-a690-e56450f12423,Mirsad,boy
71d965d3-3c6e-4294-adb4-6eecfef8d622,Zack,boy
9fc99bca-9975-4d1e-9cb7-a7bea94f134c,Herbert,boy
f1575d2b-976f-44c3-9e51-3965ef7b9089,Abdallah,boy
64e69730-9ff8-42e2-80ad-1a3714f00c39,Collin,boy
3682eba3-0cc5-4b66-b2b9-6ab9f8feb52f,Hani,boy
7a2aebaf-7d57-4883-a800-5c345bfb8670,Lion,boy
323cfba1-9135-4852-bfd8-c4b7e3492325,Firas,boy
7d3a204f-fd92-4780-83ef-1000e462e267,Juhani,boy
85fc1db1-1845-4bfe-906d-e144a71eee3a,Sven,boy
cca14a14-94cc-44f0-b9db-8cd3caf6679a,Olof,boy
578ca4dc-00a1-45e9-8e09-8e412ac1593d,Risto,boy
ebe93489-542c-41dd-b622-a3b51f80ecea,Idris,boy
fec29255-2979-4ded-af6b-39399fbbf284,Ilyas,boy
20468260-a138-43cd-a876-476da69be61b,Ricky,boy
fc29060c-0095-48c2-b813-9131bf21a4a3,Wael,boy
02f3d7d3-441c-4998-b106-c65d37298087,Roberth,boy
d5524850-8441-4899-a2f9-7b7a55173776,Louis,boy
aa63398b-2494-4008-95be-83d522803a26,Teddy,boy
03425bce-0976-45d3-bf62-0ea3e0236caa,Dominic,boy
bd3e7275-557b-4c16-9ed8-9757ced2d7de,Wilgot,boy
60f2e49d-e5e2-4b21-9be6-cc2367f09451,Andy,boy
fec91251-2321-436e-9e85-f1f16fd75b1b,Deniz,boy
f4ca791a-df92-4825-a2a4-1ca827a4cd6b,Petar,boy
f9509cbb-fd2f-4824-95c2-627349e10efa,Jasmin,boy
93a0ca99-b09b-4a65-9496-ecc83a8d18ae,Nelson,boy
9ee1fbf0-c722-4f29-b355-a480802abebb,Cesar,boy
4532710a-63a6-4943-ac4d-7e200ecf8c33,Azad,boy
96a5b1c9-9550-468d-8775-5e424d68c274,Arvin,boy
068bc6c6-d3f0-4a07-b9cb-b2d1b5e6c8db,Saman,boy
fe51c60d-bfb1-447f-a5e4-983c66da90c0,Charbel,boy
ca333257-632c-4fba-b666-87fc49f63dee,Esa,boy
eef623ab-7b82-49e9-8d0b-4a3a7fa77131,Yonas,boy
7dea2f3c-defa-4738-97c0-c4bc47b6a7d7,Bashir,boy
0c38e941-b558-47ad-9bf5-fd271806183b,Carl,boy
3aa78859-c040-4171-ac5a-fbb5ee639305,Johan,boy
8c4580d5-7fc6-4363-aaf4-780c9ede7fe5,Tommi,boy
646eca47-28a6-483b-af94-b28c806d78ee,Mazen,boy
5cbdc9c4-24bc-43f0-bcdc-e69e284940f7,Sergio,boy
e6dec5a1-827b-45ba-9b78-16eafc63c0a2,Bengt,boy
0e866011-605d-41b3-a7c3-3fab6dbc29c6,Olof,boy
a57b1e8e-d809-4cad-8b93-992b8e9dcb22,Jan,boy
a94b1d17-00ea-422d-a9f2-be6ff3784f20,Ove,boy
3221bc0d-f152-4070-8e5a-dbd160117de0,Omer,boy
b6ce8d5f-918b-41f5-8648-d5b290aadefc,Zebastian,boy
d1d5b142-2f1d-4287-b161-7d019b957dd7,Eduardo,boy
b85d60c9-8122-4f34-b0f7-62842f93a690,Klaus,boy
83970d54-099f-4461-b268-05f57373c682,Kåre,boy
4a514c3a-2c8d-42dd-96d3-72ab010ba620,Kimmo,boy
1adb1759-37c3-45cc-a204-8f4518853b22,Jaroslaw,boy
f1498373-1767-4c7b-b09d-f6a32cc6861c,Leopold,boy
7a914bd0-dbb9-42fb-aeb3-28b3d5cdea95,Nader,boy
de54e4e1-4875-4b81-809d-cfd32b92987f,Eddy,boy
5a1bfa45-d4ee-4754-ba2c-44622b589769,Rodrigo,boy
c313a1a2-dc9d-489b-a3f8-c6b226b3f676,Nenad,boy
c306a653-3a8e-4854-ab9d-b571061933e1,Pertti,boy
8de51785-287b-4f7d-b88b-b8873d55cc65,Abdulkadir,boy
7a82f017-ce1a-4157-8319-cacee45cf468,Carl,boy
8953c664-e6e6-4760-8650-ea7bdbd1198f,Henrik,boy
3dcf4940-e112-4bfc-a92a-2dc6ddf8e0e2,Taha,boy
7e86ab42-bc8a-495d-b2e4-a5deeac1e38f,Viking,boy
09583943-0787-4cc5-b08a-ca1ad5030c6d,Lage,boy
9ade283b-0710-4eb5-b2f2-2b67db9f9a05,Mikko,boy
122fbe80-c51e-47e8-aefa-61462bf71a23,Sammy,boy
e641e2c7-f77c-4b9f-b0fe-ed639378c2db,Sasa,boy
d65ab73e-d553-4a1d-acbc-5cd7705497e2,Dominik,boy
4ce1cc7b-13b8-42d2-9438-dc213f1f7ea5,Petrus,boy
416785df-235e-4ba6-85ab-9dbe4e821e98,Haidar,boy
a8a10491-9b5c-44b9-b61e-13c12eeeec8f,Léon,boy
205d75fe-bca2-4e4b-a20e-fbe15ac6e85e,Saif,boy
10cd8f2a-c05b-4b1d-9424-4b40492638fe,Andrej,boy
b067a34a-608f-4b11-8f58-b0ecf8e65ced,Martti,boy
d6610351-5487-4e13-a206-2b47c924908f,Majd,boy
bd816acf-6367-4983-bd4c-35874e5b207f,Nima,boy
e58b23e9-b524-4ebf-acaa-b5a2269bb196,Pål,boy
8a47cb8f-7766-4dcb-bec3-45fe168be894,Per,boy
34a9f635-2b5b-4c5d-9940-38c9643d30d2,Anders,boy
bcd249c9-9b37-45c8-97f1-1c13e931724b,Franz,boy
ba791534-349f-4fc6-b233-c41693acd25a,Pasi,boy
844d9bf1-7e95-4596-a22a-da16a21a6767,Crister,boy
ddc68599-a0d0-40ef-b8c9-3a90b707a715,Syed,boy
56075caf-5fcb-4b96-b363-97d4b785a0e9,Cornelis,boy
de4e0ed1-9889-4edc-9402-7d62f9cd7675,Darko,boy
91b49d5e-e3ef-4cae-9c3f-d6af168da11f,Luca,boy
99d113c2-f381-4ebf-91db-2d16656a9d90,Sayed,boy
d967f73d-be5a-4ac0-a9a5-2eeeddc108d5,Tarik,boy
0451c888-3486-4794-b6ad-5529866837ad,Bogdan,boy
11cf8244-eaa4-4043-b518-512fc3972aab,Almir,boy
50336cc7-6439-4a6f-a190-850eaf55ec22,Miroslav,boy
328838c5-1294-467c-9a37-1ffee78a7194,Faisal,boy
77b06dd5-6bc4-42a4-971c-406f674f4ed1,Jouni,boy
4636e560-8cb1-426f-8cd1-cd4155afe985,Jordan,boy
679bc8d5-779e-4a4b-aeaf-35c85c32fbd4,Pavel,boy
1e8149ad-1f9e-49a5-8bc5-d498da8f75c0,Isa,boy
7111d5dd-ecbc-433c-9fc6-e747d578c821,Rainer,boy
3e647893-5e1b-4268-b74f-578d0e8fcf7e,Donald,boy
10d9e285-38b9-4f7f-8571-439b048814d2,Lars,boy
0e0cd52c-a32f-479d-9b8f-5c5478374ac2,Eric,boy
4b32c8ac-f345-47e8-ad81-6ba1304d15fc,Abel,boy
0d26624f-61ff-4398-9586-805ccfe60d59,Bengt,boy
0c5090e9-c066-4941-9d7f-51546844b097,Göran,boy
43d9b131-6fbc-481d-a0e0-b6dcece2926b,Milos,boy
77c6cd01-d1a1-4d35-9947-1eae5166c923,Reino,boy
0fe3f1b3-3781-4897-b522-8ead0c291ed8,Dani,boy
effd3afa-7fcd-41ae-8ec1-6158606436f3,Masoud,boy
0e81cf49-0c33-4001-963c-9bfcc1817574,Patryk,boy
6ead84a0-237f-447c-85d6-de608e3539d9,Ömer,boy
7fe43dd9-d8a3-4469-ba9e-e50bea13d2b3,Ismet,boy
00db8ebe-71ba-47e7-bbdd-d7d5c3bec4bc,Lars,boy
11782ce7-36a0-4543-8476-872cf061b03e,Olof,boy
9a7c1723-ae0f-4326-8b86-329fb800dcca,Sven,boy
683982ef-3cc3-4bb5-8f07-b3ab9c629cfe,Åke,boy
f2cee7ef-cb84-4246-8433-336646167bb1,Ghassan,boy
247ff3d8-98dc-4dd3-a008-479c1b66b6f7,Wictor,boy
970f4fa1-b2e9-4384-86a4-e164a9a6d4ce,Georges,boy
19686f57-5b05-4b7b-a66c-7d4a05f970f6,Leonel,boy
c36991a9-2514-452c-a141-bd3691fc3172,Mirza,boy
baac4979-658b-4f74-9b63-e3c5fbb22aa7,Florian,boy
aeb91e44-49c8-40d6-b464-a6b220795c3d,Hans,boy
a58320ac-6a0c-44b3-9453-62adeddc7c00,Åke,boy
81f27020-fc8d-4375-90cf-21abde9b12f7,Karl,boy
60060a37-3427-4368-8a54-f1c6dc464efa,Gustav,boy
61de95bb-308f-4aea-931d-13c70c53ca83,Zbigniew,boy
63f7fc84-b42c-407b-a4a7-ffa1dc9bdd4e,Claudio,boy
5bcd64c1-5930-4011-887d-251cac03dbc6,Eli,boy
ce43f6ac-4ff0-4c06-8085-331941c0daa8,Younes,boy
3f271831-bec2-4bfe-b898-bde9b494dfbe,Raul,boy
17a287d3-ace2-43fc-ba85-13ea5cab4150,Scott,boy
154973f9-2546-409c-9929-534e3ba90e8c,Thore,boy
e28c055d-05c1-4971-a3a4-5e99a6d6a022,Per,boy
e649d127-9d83-424c-a013-41be3c321f0d,Arne,boy
2c42ecd8-a4a9-4f9a-b935-5485bad05fd9,Saeed,boy
498ea8ce-bf73-45bf-9171-67bb55e8b1f4,Andres,boy
516251c5-8cce-4e7f-a58b-3fc8c6815caf,Gillis,boy
f296efbe-8645-4dcb-94fb-c5de89dec8ff,Wolfgang,boy
60bc70ee-bc1f-45f0-b9f5-d4490e83df59,Ante,boy
60c93661-8ee5-4660-bd88-365d71e0c86f,Niels,boy
5b2902a0-1a62-40c2-bdd6-fb592e0806be,Yaser,boy
09058d30-8343-4f5a-89e5-9c83278fce4d,Taim,boy
ce858818-43dd-4503-8f48-d5371476cdcd,Istvan,boy
95ef9aa4-5a46-4430-8864-be9530796851,Alessandro,boy
5e28f051-21bb-4763-9270-d696a6f44ff2,Adil,boy
f2a50581-0810-42a9-9ed9-67660088d3dd,Bob,boy
ad38c8d6-0705-43cc-8c3e-08dd59d48403,Attila,boy
4b6117cd-93da-49b0-ba79-ac38bdebe34c,Jerzy,boy
cbbb4401-f980-436e-822f-dae60b46b717,Ayub,boy
6a61c52d-2a68-470b-89b8-913e96c63a33,Yassin,boy
3ce5a2f0-7db8-49bb-8f1e-470f682ee0ac,Jalal,boy
b86c5e4a-d38c-4746-a4fa-4564674d2b7b,Nils,boy
20749019-1b1b-49e1-a2dc-41d8493b8b4d,Erik,boy
7c2b523d-6bb8-4fc1-8b52-9ad13a2b152c,Alexandru,boy
b360aea6-e201-43b1-9cf9-8891b84c331e,Elof,boy
49910ead-2ae9-4ca8-b837-75cc69b2450a,Slawomir,boy
30ab7ff4-5596-492b-baaa-10be50fa5397,Mauritz,boy
9476f21e-4888-4c04-9d60-c2b045db8343,Arto,boy
08793199-4975-45b2-a386-c0f05cc2b0c4,Ehsan,boy
43428065-31f8-4080-89c9-f76d2c58a7d0,Laith,boy
5604c864-e1f8-4047-8c0e-66c9e0a2e3e2,Sigurd,boy
84e08a43-7731-430a-9838-d440e16561e5,Esko,boy
416d85d1-8d0b-4f6e-b6c0-a360fae59904,Hussain,boy
0dab3c89-7d62-4a20-9f73-1f1f9ac95025,Morten,boy
1356ba14-4be9-4922-a7ed-02accaac7405,Fouad,boy
e325e29b-e646-43d3-8ab2-d05a84560077,Kacper,boy
80ea30d1-5394-4b34-ba50-0b99faaf7f3b,Zeljko,boy
1117c106-3c50-45d2-bc43-badee8c67863,Jouko,boy
d53f226e-4229-4115-a34c-a9f18477386f,Sven,boy
3497896e-6e69-4a66-ab9b-546ae8bf92ca,Olov,boy
55077b1c-958d-4c1c-93e1-85b4090548e4,Denny,boy
0e59b522-2a05-498f-bd51-fde40624b889,Esbjörn,boy
472c79da-d0e1-4dfe-a0c6-1405015c6666,Karl,boy
5c4f7cd4-06ef-4054-a4f6-313e671aaabe,Axel,boy
e6db6c58-0117-4356-a5c3-b042e88f1a7d,Emre,boy
0e752cce-d65e-41e5-a889-d9c134dfb800,Terje,boy
72efd9a3-b8c9-4654-bfd6-65132a848445,Basel,boy
df07f15c-c260-4af0-96e3-7a9c8caecded,Kjell,boy
9e8cdf8c-28d6-4b68-9dfd-8fcd2de04b85,Åke,boy
cebb93b8-63f9-4b4d-be0e-6296aaa1a269,Lars,boy
62b26677-1dc9-4a51-92c4-509676f90004,Inge,boy
74e6d75a-5f55-409c-9316-832d930f8b55,Mahad,boy
146de081-ee0a-4262-bf07-068ad8a92686,Jamil,boy
4c1b8333-bde6-49bb-b2c6-59b8979c5ba6,Silas,boy
5d45a31d-80cc-47de-b819-7397d2c3055a,Veikko,boy
dc91df6f-4290-48cc-af08-c6e3627a0c54,Henri,boy
a95f9bad-6503-4010-bcf3-6e72609c06b8,Justin,boy
9bc73c40-065d-4ba8-9e62-d3a915c1c39f,Percy,boy
7f07a9fe-1bb6-457d-837e-7de006bc1318,Admir,boy
fccb0426-c465-42b3-a5f9-5256d8c454a1,Alberto,boy
8b40461d-d849-4ffd-89f4-d4289f655f59,Kemal,boy
1f7d707c-f7da-4188-b54b-2aeeec035826,Per,boy
5092cc90-d5fa-4433-a676-6d8e8b0af35f,Åke,boy
ff0aa3ce-8e5a-4845-85ec-10f53a88671c,Lars,boy
2a4d58d6-034f-4df1-8360-0a067fbbb8d1,Gunnar,boy
20037fd7-518d-405e-b068-8b58b3f7b94a,Carl,boy
4c9ab78b-4768-44b2-a0ec-5fea21236939,Magnus,boy
fb8c9c54-df0c-4bdd-96e4-64628cdca665,Janusz,boy
d50f4346-10fe-41dd-a7cb-ea7af614c9b4,Alexandros,boy
5b233cdc-2abf-46ed-a7ec-f490d553fdca,Matz,boy
7dcee507-2012-4181-a975-4cfbb5c503a4,Ramin,boy
f31771f6-7555-4878-98c6-d550d31e3ea3,Darin,boy
dbb2d800-e0e1-4382-a7d2-9c920e41ca30,Egil,boy
5544642c-6575-4250-84e0-e2069c0808eb,Javier,boy
caed6a22-f353-443c-8016-8d79e10b313d,Majed,boy
8216909d-829f-43db-8b4d-fbeb2d45581c,Danial,boy
489dcb9c-9228-4cd2-b1f1-100e90ec44c8,Maximus,boy
5c45de1c-3707-40a8-8cc1-f43ef203b1a7,Feras,boy
2af04f39-d0ed-4738-85c7-4158c5fe9f10,Keijo,boy
f1a0669f-90af-40d7-a1ac-7ebfb5c7a66a,Wisam,boy
876e9b69-4fa3-4dc1-afbe-f21ada6f0549,Abdifatah,boy
fb5ebd86-11f5-4c46-a604-134815ed85a2,Dawit,boy
e8ad8545-e57d-481c-9d72-b5180d3a257c,Yasir,boy
c5cff4e5-3ea8-4b37-b049-d02489f02309,Francis,boy
9aa10c08-c7ba-4fc8-8352-364e18e9d802,René,boy
783e64d8-9a16-4735-9a4e-e12e63c64ec0,Romeo,boy
b92dfb57-d0ee-4569-bc7c-4e5c2cc3a5c0,Eero,boy
a82f0bff-fafa-47bd-aac1-5d84abdabf34,Josip,boy
4b37fec5-9f3d-419e-9973-35b5db65689e,Villy,boy
92d70090-1403-4433-a453-bf616e6c9acf,Emrik,boy
89a26b1c-daa6-4ec6-85bc-1c1bfa707a5a,Raed,boy
d92948d8-f053-4788-afa0-4c6107663ac2,Birk,boy
8d082093-ff33-4de5-a825-9384d7956871,Danijel,boy
efb5da66-0e0a-4392-9aa9-2c436432d417,Nour,boy
9c827f04-a5d5-486c-ac65-be5239257182,Reidar,boy
14f829ed-49b3-4106-91d6-36768e130369,Jawad,boy
d0ce88de-5e5b-4b7b-8886-65d2bfe48233,Bengt,boy
bf53a06b-2508-4016-b60a-022ec41128cd,Åke,boy
73df1274-e579-47b2-a681-df316b19cb20,Dario,boy
082ef90b-3dbe-45e1-bea5-1af87476409d,Texas,boy
2f737e8b-7cea-48b4-8b16-ee52b73e3e48,Klas,boy
b419f1bd-9af5-4ddc-aff3-92cfe557b97f,Göran,boy
0e01cb30-50ed-4373-9211-5ca45163694e,Lo,boy
702072d5-90e7-47aa-a58d-b49ffd50d25b,Rudolf,boy
64f132b9-7f54-40e9-9c22-e1f20a413d78,Gusten,boy
76a39b4e-052c-481e-a1d8-574959588d1b,Marcelo,boy
89480bdf-fdcf-43f8-bc3f-0218f9bde919,Miran,boy
70dc0354-eafa-4f22-ad7e-162a3c2bc1c3,Antti,boy
2da9ca2d-fc8b-48b9-b219-d6c738971ebf,Danilo,boy
dda493ec-ce6d-4510-9bc4-a69e2d36b25c,Vince,boy
d78b469a-aa8b-4ad2-814a-fb5e5e62867a,Amanuel,boy
81114f6c-993e-4c68-b92d-b98a85dfc978,Carl,boy
735c2459-1d79-4be4-b79b-f81a5888651c,Erik,boy
cc12a30f-7f54-44ad-96aa-2d7f1d8a735c,Elwin,boy
3cc0870f-b433-46ae-bf75-14024afee2bb,Loa,boy
947df8c6-4774-4cb2-af32-49b0bf3c7d3a,Rashid,boy
c70dd413-6616-410a-89c9-21726b8f7064,Constantin,boy
b4c9ba1f-2a8c-47dd-90c6-907af9fb4db0,Hubert,boy
5d6d7f8b-8350-4450-bea3-7f1276442f2e,Jad,boy
f165a89a-20a0-42fe-b5dc-a70954dcb812,Sead,boy
9a95474c-a92c-4c8a-afb5-6ef4e6354c41,Konstantin,boy
3b126163-dcba-4beb-a45a-d91965cec2ed,Amjad,boy
b76fca5b-d613-4e7a-87c5-933c473fd6bf,Bojan,boy
fd49e412-57f5-4515-96b9-6f1350fde2ac,Eje,boy
fea305cc-e977-41dc-be5d-62740a2e5119,Anthon,boy
81b37cd0-ec52-4e97-8619-4a87c147299f,Hans,boy
95a68e88-efb5-488a-9dfc-0cdb9f759b7c,Göran,boy
c307b534-531a-485a-85f0-df45f864bc3d,Pascal,boy
c777c7ee-6a63-45a8-9eff-4d4d60b24290,Adis,boy
40e9def9-55b2-4cbc-891f-6174840f0d4f,Hussam,boy
46dde6f9-1bfe-4056-b45d-0d96f7e0311a,Carsten,boy
820c62c1-c1e6-4ce9-b955-fa717951eb8e,Ebrahim,boy
828e0d91-6b5a-4029-a9f7-80d0759af051,Salih,boy
4e474aaa-d7eb-4777-819f-d0030142aa5e,Carl,boy
0c658e47-dcde-4ca0-b2ae-8ab13757099d,Fredrik,boy
ae7932a0-e5af-45bd-80f3-db8877443383,Gilbert,boy
639e623c-8cf1-40e8-8e07-4393e832d562,Johny,boy
e73edfd8-717d-405a-851a-458d7ba2a925,Berth,boy
08a83c24-5919-41fe-ba38-caa98131f98a,Guy,boy
fdfe0f7e-9567-465e-b8e1-e4203030bd3a,Fuad,boy
f697b944-8c43-4468-b670-6e81ba980c81,Liban,boy
24d4ea5a-d190-45ff-b910-fe212cd213f9,Mohamud,boy
11c527b0-a066-420c-b94a-bb3e6a6d8878,Shadi,boy
385b44e1-942b-4a0a-a91a-30e319796d0e,Halil,boy
fac09a00-1943-4994-bffc-e7795fa0e737,Leandro,boy
8c57629e-b121-44d1-8e7a-16d3bef1cb32,Ebbot,boy
0b4f5790-d55e-4d00-a2e1-1d470bd8b644,Karol,boy
8edfcd30-3794-4dbb-9d14-843117761459,Gary,boy
bffd5e53-ae87-454e-b17c-039eb0c663be,Robel,boy
a881ce27-37a8-42ea-b0c1-2e9de95e2901,Nathaniel,boy
a1a9634b-45a6-4cf5-b240-2bd218138aac,Solomon,boy
e18c327b-a5f5-493a-bc73-679e99a676c5,Maxim,boy
42d7b8d5-9f8d-4f79-89b0-ca7d51f7e7e7,Bernhard,boy
47a40016-cd86-46ce-84ac-07f03f6e4412,Fredrick,boy
fe362e69-0028-42b7-906a-004f8d377d76,Giovanni,boy
86e297c9-c141-44df-be00-2bb2524b3096,Panagiotis,boy
3b79cf69-eaba-4eef-9f58-42c57975e5eb,Yasser,boy
3cd7c181-771f-49b2-9296-6311e0c7213a,Nico,boy
409395db-df25-4bca-ba35-797c9ad9d0f5,Ramadan,boy
2cb4dce3-7aa5-496c-b3a4-aa95cdc8839e,Zoltan,boy
00f3fb95-e97f-40cb-be51-0e76544d2dde,Enar,boy
5511799d-2d31-4888-ac2d-857a60ae0a2c,Mauricio,boy
c04b9075-5ecf-4114-adaf-55f4a249a602,Miroslaw,boy
815ebeb9-ab63-4447-ae0c-e1839c533a65,Stanislaw,boy
72d36aec-ae75-42ce-9f37-a3e95e665865,Felipe,boy
8b3f92eb-41d6-4a30-93cf-f33d68ce4b25,Per,boy
8093ea59-7319-47ce-8c9b-0adb5b28ffb7,Ove,boy
44c1f5cc-741c-41f2-b90e-57d27fb86de2,Harun,boy
451f6c3d-7d36-4b8a-aebb-54548f6d861d,Janos,boy
3094c94b-9660-4bfe-b748-43dbc0023f5a,Bernard,boy
fe263024-39f6-488e-a9d7-cf693a8f7e09,Hanna,boy
710d88dd-d518-4d29-aad3-9ff7af6b68c3,Fares,boy
66ffe200-c5a7-4e49-a8f3-1fecba0a71c5,Jaime,boy
592ebce6-ca53-431d-b92e-e485fe46e118,Salam,boy
0a08c97d-ee80-460b-a574-6e1d76e8f8e5,Ramazan,boy
5a78df6d-71d9-49f6-b16b-704e468bdf01,Torkel,boy
56b0b126-28a7-4cee-a015-643a9b453bf8,Aldin,boy
7db66ac3-ea17-49e0-95cb-bf72e0f5d8df,Przemyslaw,boy
677b6057-23cb-41dd-a863-e9340c2d0f11,Zakarias,boy
52b0b585-431e-4ab3-b94b-614587bf09a8,Arkadiusz,boy
54c16c68-f237-4126-8321-0cb7f953001b,Julio,boy
1ce345be-3c06-4016-a023-a6985ba3a1ba,Sinan,boy
a2ec50e3-886a-42e1-8a1b-06e6f8df49f1,Tapio,boy
57c7b32e-2412-47b2-ae3f-4a2b24c1a186,Zain,boy
434e10cd-298b-4f74-8219-9ffe31c99e09,Andre,boy
e2393e21-6a5a-4102-b57d-746ab53bb012,Jovan,boy
182e6322-93f2-4031-8a2e-2c345d063ac2,Salem,boy
